,status,ts,ans,confidence
0,EXP_START,1677736367.507653,-1,-1
1,TE1_START,1677736370.131462,-1,-1
2,TE1_END&CONF1_START,1677736373.146603,5,-1
0,CONF1_END&TE2_START,1677736374.866218,-1,5
4,TE2_END&CONF2_START,1677736377.082956,5,-1
0,CONF2_END&TE3_START,1677736378.883618,-1,5
6,TE3_END&CONF3_START,1677736381.155555,5,-1
0,CONF3_END&TE4_START,1677736382.843087,-1,5
8,TE4_END&CONF4_START,1677736387.893794,5,-1
0,CONF4_END&TE5_START,1677736389.648374,-1,5
