,status,ts,ans,confidence
0,EXP_START,1677736294.862095,-1,-1
1,TE1_START,1677736297.897178,-1,-1
