,status,ts,ans,confidence
0,EXP_START,1689592323.731828,-1,-1
1,TE1_START,1689592325.195801,-1,-1
2,TE1_END&CONF1_START,1689592326.967658,2,-1
0,CONF1_END&TE2_START,1689592328.610766,-1,4
4,TE2_END&CONF2_START,1689592331.501465,3,-1
0,CONF2_END&TE3_START,1689592333.246096,-1,3
6,TE3_END&CONF3_START,1689592334.866575,3,-1
0,CONF3_END&TE4_START,1689592336.192905,-1,3
8,TE4_END&CONF4_START,1689592339.906373,5,-1
0,CONF4_END&TE5_START,1689592342.166974,-1,5
