,status,ts,ans,confidence
0,EXP_START,1689655556.097915,-1,-1
1,TE1_START,1689655559.800536,-1,-1
